region,village,district,source_name,lab_identifier_code,source_type,easting,northing,latitude,longitude,ecoli,ph,electrical_conductivity,turbidity,color_apparent,total_dissolved_salts,total_alkalinity,bi_carbonates,total_hardness,calcium_hardness,magnesium_hardness,flouride,chloride,sulphate,nitrites,nitrates_n,ammonium_n,phosphates_p,water_quality
Eastern,Bugembe,Jinja,Kilikwani tap,E23/00103,Tap,526362,51478,0.465733503,33.23691573,0,6.9,103,2.34,22,0,43,0,33,18,0,0.26236,0,4.10009,0.01509,0.3225,0.16075,0.03779,not admissible
Eastern,Masese,Jinja,Ndiba Roseline tap,E23/00104,Tap,526349,49702,0.449665627,33.23679838,0,6.7,111,2.23,20,0,48,0,35,19,0,0.22605,0,3.72661,0.00318,2.49162,0.002,0.09726,not admissible
Eastern,Masese,Jinja,Ndiba Roseline tap,E23/00104,Tap,526921,48543,0.449665627,33.23679838,0,6.8,101,2.92,15,0,41,0,27,19,0,0.25573,0,4.27461,0.0076,0.51466,0.03963,0.05778,not admissible
Eastern,Rubaga hill,Jinja,Jinja college Borehole,E23/00109,Bore Hole,523658,49584,0.448598801,33.21261446,0,6.6,648,2.12,4,0,175,0,310,125,0,0.6697,0,69.27158,0.00678,6.686,0.002,0.99905,not admissible
Eastern,Mpumudde,Jinja,Mpumudde mosque B/H,E22/00110,Bore Hole,523831,51559,0.466467063,33.21416973,0,6.8,1041,3.48,27,0,320,0,430,230,0,0.681,0,62.21922,0.08142,17.75154,0.02197,0.05519,not admissible
Eastern,Mawuta,Jinja,Mawuta B/H C046,E23/00111,Bore Hole,524050,54463,0.492740194,33.2161387,0,6.9,1393,6.25,75,0,350,0,730,400,0,0.31554,0,233.9129,0.01351,0.31634,0.002,0.11509,not admissible
Eastern,Nsube,Jinja,Nsube B/H,E23/00112,Bore Hole,524435,61008,0.551954261,33.21960076,0,6.5,492,1.91,1,0,230,0,220,105,0,0.26735,0,21.39238,0.00658,6.69617,0.002,0.04659,not admissible
Eastern,Mutai,Jinja,Mutai S/W,E23/00113,Protected Spring Well,524220,61707,0.558278353,33.21766876,0,6,292,1.85,1,0,91,0,120,60,0,0.27796,0,27.93701,0.00355,6.14984,0.04345,0.11088,not admissible
Eastern,Mutai,Jinja,Mutai S/W,E23/00113,Protected Spring Well,523590,62539,0.558278353,33.21766876,0,6.7,106,2.11,11,0,41,0,36,16,0,0.29205,0,4.95072,0.00256,0.51079,0.02983,0.10657,not admissible
Eastern,Kagoma,Jinja,Kagoma protected spring,E23/00115,Protected Spring Well,522300,65456,0.592197107,33.20041469,0,5.4,198,2.37,6,0,38,0,62,38,0,0.05172,0,14.85099,0.00502,7.59498,0.00394,0.02826,not admissible
Eastern,Nalufenya,Jinja,AGM Tap,E23/00117,Tap,521619,48543,0.43918112,33.19428979,0,6.8,104,2.43,22,0,46,0,33,20,0,0.28131,0,4.89396,0.03649,0.22467,0.11817,0.02851,not admissible
Eastern,Butakanila,Bugiri,Shallow well at prison mosque@district HQ,E23/00090,Unprotected Spring Well,583492,60709,0.549205786,33.75033418,0,7,246,2.69,57,0,125,0,110,95,0,0.4069,0,5.12238,0.15106,0.71488,1.62681,0.29374,not admissible
Eastern,Buyubu,Bugiri,Buyubu Shallow well,E23/00091,Unprotected Spring Well,582815,59414,0.537491286,33.74424896,0,6.7,585,2.22,21,0,330,0,97,47,0,0.09621,0,11.87691,0.01788,0.38758,0.38375,0.52461,not admissible
Eastern,Kikabala,Bugiri,Kikabala Primary School Borehole,E23/00092,Bore Hole,582485,58571,0.529865413,33.74128254,0,6.6,533,2.75,36,0,290,0,220,125,0,0.00564,0,4.48113,0.00224,0.27989,0.01781,0.16367,not admissible
Eastern,Lubila,Bugiri,Lubila open well,E23/00093,Unprotected Spring Well,583041,57880,0.523613655,33.74627822,0,5.7,218,3.98,29,0,98,0,105,77,0,0.19449,0,7.09486,0.01352,2.28204,0.03977,0.02301,not admissible
Eastern,Bukonde,Bugiri,Bukonde protected spring,E23/00094,Protected Spring Well,585561,62233,0.56299025,33.76892875,0,5.6,139,4.37,66,0,50,0,48,29,0,0.24617,0,3.92465,0.00315,5.32393,0.01966,0.01978,not admissible
Eastern,Nawambidi,Bugiri,Namasele Shallow wll,E23/00095,Unprotected Spring Well,593155,57813,0.522995996,33.83716513,0,6.8,376,2.05,18,0,165,0,145,105,0,0.43464,0,10.16964,0.00844,4.51209,0.03491,0.07286,admissible
Eastern,Nawambidi A,Bugiri,Galidde Simon PSP,E23/00096,Tap,592960,57742,0.522353941,33.83541274,0,6.6,692,1.84,4,0,360,0,300,165,0,0.43982,0,31.55526,0.01605,2.52018,0.01546,0.33127,not admissible
Eastern,Namayemba,Bugiri,Abdul PSP,E23/00097,Tap,589049,56897,0.514714322,33.80026677,0,6.6,694,1.87,2,0,350,0,300,185,0,0.36287,0,26.91282,0.00584,2.44874,0.02757,0.09782,not admissible
Eastern,Namayemba East,Bugiri,Owino Ben protected spring,E23/00098,Protected Spring Well,587948,58204,0.526539261,33.79037439,0,5.8,208,2.39,16,0,77,0,90,60,0,0.32835,0,3.23099,0.00516,4.91619,0.002,0.12485,not admissible
Eastern,Ndifakulya,Bugiri,Gamulunguka protected spring,E23/00099,Protected Spring Well,582906,63846,0.577585429,33.74507176,0,4.9,255,2.03,2,0,20,0,75,33,0,0.08023,0,4.55691,0.00356,15.90426,0.002,0.13348,not admissible
Eastern,Ndifakulya,Bugiri,Gamulunguka protected spring,E23/00099,Protected Spring Well,582857,63591,0.577585429,33.74507176,0,4.9,166,2.39,12,0,17,0,48,24,0,0.0064,0,1.10713,0.04979,10.31733,0.04933,0.02928,not admissible
Eastern,Kimombasa,Bugiri,Kimombasa Kiosk PSP,E23/00101,Tap,582819,63213,0.571859075,33.7442892,0,7.2,532,5.86,88,0,280,0,87,39,0,0.48323,0,14.4673,0.00054,2.17129,0.002,0.27431,not admissible
Eastern,Musongola,Bugiri,Nandhubu Samuel Shallow well,E23/00102,Unprotected Spring Well,583153,61851,0.559537308,33.74728909,0,5.2,154,2.49,4,0,31,0,57,31,0,0.10689,0,1.37298,0.01351,7.40649,0.0101,0.04595,not admissible
Eastern,Masaba Igenge,Iganga,"Magafira ,mosque Shallow well",E23/00075,Unprotected Spring Well,547731,64050,0.579463895,33.4289642,0,4.9,162,1.67,1,0,12,0,26,15,0,0.12436,0,38.72499,0.00502,4.28754,0.10471,0.02535,not admissible
Eastern,CMS,Iganga,CMS shallow well,E23/00076,Unprotected Spring Well,550339,65890,0.596108577,33.45240347,0,5.3,384,1.74,6,0,31,0,110,69,0,0.09494,0,10.72362,0.05365,19.27067,0.02561,0.10437,not admissible
Eastern,Kasokoso estate,Iganga,Resource centre Busoga University Borehole,E23/00077,Bore Hole,552757,67752,0.612952235,33.47413534,0,6,926,1.85,2,0,110,0,250,170,0,0.12398,0,34.90636,0.19221,36.42471,2.03609,0.04292,not admissible
Eastern,Igulusa,Iganga,Igulusa Shallow well,E23/00079,Unprotected Spring Well,553164,70624,0.638934852,33.47779538,0,5.4,240,2.71,12,0,58,0,75,48,0,0.18074,0,23.90872,0.0313,5.57916,0.08384,0.10178,not admissible
Eastern,Namungalwe T/C,Iganga,Mukama protected spring,E23/00081,Protected Spring Well,554297,78825,0.713128095,33.48798504,0,5.9,151,2.41,20,0,44,0,53,29,0,0.18223,0,1.89453,0.00573,8.13293,0.01444,0.05082,not admissible
Eastern,Nambale,Iganga,Nambale B/H,E23/00082,Bore Hole,556071,86301,0.780761334,33.50393586,0,6,231,1.94,19,0,92,0,67,34,0,0.23051,0,27.05817,0.00379,0.72995,0.03851,0.14343,not admissible
Eastern,Nambale,Iganga,Nambale B/H,E23/00082,Bore Hole,556034,86571,0.780761334,33.50393586,0,5.6,218,2.09,17,0,20,0,65,37,0,0.28664,0,13.54606,0.00427,3.56057,0.04699,0.25885,not admissible
Eastern,Nabikoote,Iganga,Nabikoote Primary Sch Borehole DWD 24675,E23/00085,Bore Hole,553607,77104,0.697558904,33.48178233,0,5.2,108,1.91,3,0,33,0,27,9.6,0,0.05591,0,4.28733,0.00253,4.78982,0.002,0.08941,not admissible
Eastern,Busei,Iganga,Busei Shallow well,E23/00087,Unprotected Spring Well,555219,68380,0.618631709,33.4962617,0,5.4,276,1.85,2,0,48,0,50,30,0,0.08272,0,24.66327,0.00418,9.70475,0.002,0.03739,not admissible
Central,Bumbajje,Mukono,katwe protected spring ,E23/00118,Protected Spring Well,484934,27298,0.24697286,32.86460454,0,4.7,55,2.26,13,0,13,0,37,9.4,0,0.05034,0,2.50244,0.00324,3.04827,0.00132,0.03042,not admissible
Central,Kiyoora,Mukono,Kiyoora health centre Borehole,E23/00119,Bore Hole,484135,28694,0.259602792,32.85742394,0,5.2,47,58.6,621,0,6.2,0,21,9.8,0,0.18287,0,8.28065,0.0018,0.15824,0.7069,0.13696,not admissible
Central,Bulonda,Mukono,Bulonda protected spring MKN/04/231,E23/00121,Protected Spring Well,480003,28177,0.254924879,32.82029054,0,4.5,90,1.92,2,0,5,0,13,7.8,0,0.08335,0,1.42719,0.00299,6.85782,0.002,0.02371,not admissible
Central,Katosi,Mukono,Katosi Borehole,E23/00122,Bore Hole,477748,16822,0.152192974,32.8000266,0,4.9,434,1.93,0.2432,0,8.4,0,67,44,0,0.09733,0,6.75086,0.00484,26.61152,0.0145,0.04084,not admissible
Central,Nakisunga,Mukono,Nakisunga protected spring MKN/04/395,E23/00127,Protected Spring Well,477209,31013,0.280582512,32.79518104,0,4.7,43,2.34,18,0,8.8,0,11,7.8,0,0.0809,0,1.58269,0.00234,1.82294,0.04734,0.01742,not admissible
Central,Kisilamu,Mukono,Oluzi lwa mulule protected spring,E23/00128,Protected Spring Well,475151,34025,0.307832465,32.77668568,0,4.8,96,2.1,5,0,17,0,24,13,0,0.11563,0,5.23856,0.00249,5.30713,0.00428,0.04775,not admissible
Central,Kitega Wanton,Mukono,Kitega Wanton protected spring,E23/00129,Protected Spring Well,473559,38474,0.348083291,32.76237774,0,5.1,122,2.84,29,0,15,0,30,15,0,0.1172,0,2.75104,0.00566,5.17801,0.12644,0.04336,not admissible
Central,Upper Kauga,Mukono,Upper Kauga borehole ,E23/00074,Bore Hole,471067,40346,0.365019085,32.73998209,0,5.4,122,1.76,2,0,32,0,26,18,0,0.11354,0,1.72234,0.00832,6.14054,0.02089,0.11609,not admissible
Central,Vuumba,Luweero,Vuumba Community borehole,E22/09382,Bore Hole,0.605723,32.676042,0.000294718,28.51126154,1,6.57,286,1.7,1,200.2,46,56.12,86.2,44.2,42,0.41131,18.3249,14.03802,0.00496,15.10519,0.04848,0.46958,not admissible
Central,Ndeeba Kakoni,Luweero,Ndeeba Masjid Noor shallow well,E22/09383,Unprotected Spring Well,0.614298,32.68916,0.000294836,28.51126162,44,6.45,169.9,1.6,13,118.93,51,62.22,41.2,21.2,20,0.36076,1.55855,20.59539,0.00263,4.62426,0.08792,1.03224,not admissible
Central,Bulami,Luweero,Bulami community borehole,E22/09384,Bore Hole,0.632672,32.700623,0.000294939,28.51126178,1,6.64,108.5,1.9,14,75.95,37,45.14,33.4,16.4,17,0.20522,0.67499,0.80816,0.02196,3.84813,0.03488,0.33294,not admissible
Central,Kajjawo,Luweero,Kajjawo community borehole,E22/09385,Unprotected Spring Well,0.626347,32.707973,0.000295006,28.51126173,1,5.27,187.8,1.4,8,131.46,13,15.86,29.8,15.2,14.6,0.09463,14.52271,24.96521,0.00739,10.01999,0.14477,0.17133,not admissible
Central,Zirobwe,Luweero,Zirobwe Masjid Taqwa shallow well,E22/09387,Unprotected Spring Well,0.681463,32.699047,0.000294925,28.51126222,0,6.5,1220,1.7,19,854,150,183,357.2,165.8,191.4,0.42447,173.8706,43.43394,2.30315,37.79263,0.1207,0.3615,not admissible
Central,Namakofu,Luweero,Namakofu shallow well,E22/09390,Unprotected Spring Well,0.67265,32.674879,0.000294707,28.51126214,1,6.74,331,2.3,12,231.7,100,122,82.6,51.8,30.8,0.77834,8.29878,36.57894,0.00639,6.15709,0.0675,0.55491,not admissible
Central,Namawojja,Luweero,NWSC Zirobwe resovior,E22/09391,Tap,0.665295,32.666728,0.000294634,28.51126208,1,6.48,446,1.7,1,312.2,130,158.6,144.4,77.2,67.2,0.73177,27.63186,39.77444,0.00258,8.68669,0.06563,0.35988,not admissible
Central,Tawalulwa,Luweero,NWSC Zirobwe PSP,E22/09392,Bore Hole,0.663028,32.64662,0.000294452,28.51126206,1,6.38,302,1.9,7,211.4,110,134.2,102,46.6,55.4,0.45675,9.85516,27.66709,0.00194,3.21673,0.07008,0.38789,not admissible
Central,Nampunge,Luweero,Nampunge community borehole,E22/09393,Bore Hole,0.661952,32.644702,0.000294435,28.51126205,1,5.73,172.1,2,0.2432,120.47,43,52.46,38.4,17.8,20.6,0.20116,4.17567,14.80111,0.00281,4.49735,0.09176,0.21943,not admissible
Central,Lutete,Luweero,Lutete community borehole,E22/09394,Bore Hole,0.666747,32.614158,0.000294159,28.51126209,1,5.17,291,1.2,0.2432,203.7,24,29.28,71.2,32.8,38.4,0.15168,45.38383,16.03626,0.00281,9.47204,0.22752,0.38024,not admissible
Central,Kaliro katono,Luweero,Kaliro katono community borehole - DWD 17219,E22/09398,Bore Hole,0.712023,32.58277,0.000293876,28.51126249,1,6.71,642,1.7,0.2432,449.4,120,146.4,191,88.6,102.4,0.26116,18.39939,8.93293,0.02791,9.16832,0.05601,0.30606,not admissible
Central,Wobulenzi,Luweero,Wobulenzi community borehole,E22/09399,Bore Hole,0.714815,32.534558,0.000293441,28.51126252,1,5.81,303,16,5,212.1,36,43.92,89.8,39,50.8,0.04588,0.3316,0.79032,0.00225,0.03692,0.04618,0.17013,not admissible
Central,Galuweero,Luweero,NWSC Luweero Kiosk,E22/09420,Tap,0.847233,32.481705,0.000292965,28.51126371,1,6.26,277,1.9,4,193.9,72,87.84,40,22.6,17.4,0.21946,26.19005,13.49775,0.00412,5.09561,0.08118,0.26532,not admissible
Central,Lumu,Luweero,NWSC Luweero Final treated water,E22/09421,Tap,0.842237,32.492723,0.000293064,28.51126366,1,6.44,278,1.8,0.2432,194.6,70,85.4,78.6,42.2,36.4,0.23203,26.36292,14.59248,0.00238,4.87447,0.06095,0.28844,not admissible
Central,Bulyake,Nakaseke,Bulyake village borehole - DWD 32323,E22/09400,Bore Hole,0.721368,32.480843,0.000292957,28.51126258,1,6,235,13,7,164.5,78,95.16,69,38,31,0.21303,5.45488,17.79477,0.01191,1.48263,0.1971,0.20126,not admissible
Central,Namasujja A,Nakaseke,Namasujja A community borehole,E22/09401,Bore Hole,0.72946,32.474103,0.000292896,28.51126265,1,5.61,264,3,0.2432,184.8,48,58.56,90.2,28.8,61.4,1.10427,26.99087,9.59994,0.01132,2.07212,0.03498,0.21356,not admissible
Central,Namasujja A,Nakaseke,Namasujja A community borehole,E22/09401,Bore Hole,0.726038,32.4731655,0.000292896,28.51126265,1,5.31,126.7,1.9,0.2432,88.69,17,20.74,26,12.2,13.8,0.202,3.56735,5.92449,0.02316,0.95399,0.06833,0.17361,not admissible
Central,Kaasangombe,Nakaseke,Kaasangombe community borehole,E22/09403,Bore Hole,0.738432,32.462983,0.000292796,28.51126273,1,6.47,287,1.6,0.2432,200.9,105,128.1,120,41.2,78.8,0.18204,11.17057,11.21301,0.00872,5.63705,0.08723,0.1753,not admissible
Central,Nambega,Nakaseke,Nambega village borehole,E22/09405,Bore Hole,0.74084,32.419403,0.000292403,28.51126275,1,6.72,259,9.3,39,181.3,105,128.1,80.6,63.4,17.2,0.2215,9.09889,15.13232,0.003,7.00937,0.06554,0.25961,not admissible
Central,Kiziba,Nakaseke,St. Joseph Kiziba R/C P/School borehole,E22/09408,Bore Hole,0.729647,32.401072,0.000292237,28.51126265,1,6.31,151.4,7.6,0.2432,105.98,51,62.22,41.6,18.4,23.2,0.20848,5.1866,16.87301,0.01114,1.40237,0.04523,0.17298,not admissible
Central,Lufula zone,Nakaseke,Lufula zone community borehole,E22/09409,Bore Hole,0.72159,32.400658,0.000292234,28.51126258,1,6.85,507,2.1,0.2432,354.9,195,237.9,153.8,65.8,88,1.07831,27.59255,37.65802,0.01312,2.14827,0.08325,0.18601,not admissible
Central,Church zone,Nakaseke,St. Paul COU borehole,E22/09410,Bore Hole,0.726592,32.407033,0.000292291,28.51126262,1,5.84,160.5,21,1,112.35,65,79.3,154.2,67.4,86.8,0.22763,3.75531,10.3992,0.02339,0.81859,0.10292,0.17207,not admissible
Central,Kasambya A,Nakaseke,Kasambya village shallow well,E22/09412,Unprotected Spring Well,0.770128,32.407892,0.000292299,28.51126301,32,5.81,70,12,210,49,19,23.18,43.8,15.8,28,0.1025,6.4142,2.62863,0.00379,1.43968,0.06578,0.22459,not admissible
Central,Kasambya A,Nakaseke,Kasambya village shallow well,E22/09412,Unprotected Spring Well,0.765537,32.408732,0.000292299,28.51126301,1,5.85,188.6,2.7,12,132.02,70,85.4,27.6,6.2,21.4,0.20169,7.60436,1.14147,0.01078,2.35765,0.0453,0.19975,not admissible
Central,Kamuli,Nakaseke,Kamuli community P/Sch. Borehole,E22/09414,Bore Hole,0.79153,32.399405,0.000292222,28.51126321,1,5.77,203.2,1.9,8,142.24,53,64.66,47.2,23.2,24,0.22966,9.0262,15.57199,0.00245,6.23732,0.05197,0.25396,not admissible
Central,Lwabijogo,Nakaseke,Uganda Matyrs Catholic parish borehole,E22/09416,Bore Hole,0.833147,32.365718,0.000291919,28.51126358,1,6.25,249,1.2,1,174.3,105,128.1,66,31.8,34.2,0.38535,3.53109,21.21111,0.00268,1.4576,0.02906,0.27007,not admissible
Central,Nakaseta zone,Nakaseke,Kiwoko borehole,E22/09417,Bore Hole,0.841738,32.363862,0.000291902,28.51126366,1,6.92,240,3.8,14,168,62,75.64,79.2,39.2,40,0.18189,6.60401,33.75182,0.01304,7.42631,-0.00623,0.14626,not admissible
Central,Central zone,Nakaseke,Kiwoko cenetral borehole,E22/09418,Bore Hole,0.843922,32.364662,0.000291909,28.51126368,1,6.2,347,2.1,4,242.9,92,112.24,56,32.2,23.8,0.26532,11.56756,26.34086,0.00522,8.96466,0.04094,0.25012,not admissible
Central,Magoma,Nakaseke,Magoma R/C P/School borehole - DWD 51413,E22/09419,Bore Hole,0.8465,32.391598,0.000292152,28.5112637,1,6.54,166.6,1.8,3,116.62,55,67.1,101.2,48.2,53,0.26067,0.87978,24.81616,0.00679,2.4739,0.03355,0.31084,not admissible
Central,Kalina zone,Nakasongola,NWSC Kakooge PSP,E22/09422,Tap,1.052127,32.467492,0.000292837,28.51126554,1,7.35,420,1.8,0.2432,294,220,268.4,170.2,86,84.2,1.63313,3.32715,1.52247,0.00463,0.20578,0.03327,0.17559,not admissible
Central,Katugo,Nakasongola,Katugo private water supply system,E22/09423,Tap,1.156917,32.464505,0.00029281,28.51126648,0,6.73,867,2,0.2432,606.9,135,164.7,328.2,146,182.2,0.57474,157.8716,60.28844,0.00441,6.17978,0.03644,0.48381,admissible
Central,Kyankanwa,Nakasongola,Kyankanwa village borehole,E22/09424,Bore Hole,1.198533,32.463472,0.0002928,28.51126685,1,6.8,498,1.9,0.2432,348.6,115,140.3,162.4,84.4,78,0.37793,61.62422,17.80692,0.00926,7.90487,0.09276,0.33207,not admissible
Central,Wabigalo,Nakasongola,NWSC Nakasongola PSP,E22/09425,Tap,1.25125,32.458779,0.000292758,28.51126733,1,6.77,141.5,2.4,21,99.05,40,48.8,38.2,18.8,19.4,0.34141,11.53516,0.55631,0.00247,0.9069,0.06189,0.30125,not admissible
Central,Kansirye,Nakasongola,NWSC Nakasongola Kiosk,E22/09426,Tap,1.294542,32.464752,0.000292812,28.51126771,10,6.57,134.9,2.6,25,94.43,40,48.8,36.6,17.8,18.8,0.20278,10.88303,0.61037,0.00216,0.21933,0.08306,0.15353,not admissible
Central,Nakasongola A,Nakasongola,Nakasongola A village borehole,E22/09427,Bore Hole,1.308018,32.465283,0.000292817,28.51126783,1,6.56,334,1.8,3,233.8,120,146.4,98.6,48.4,50.2,0.31604,31.06985,1.02528,0.00362,6.71163,0.04876,0.36045,not admissible
Central,Nakasongola A,Nakasongola,Nakasongola A village borehole,E22/09427,Bore Hole,1.312917,32.465301,0.000292817,28.51126783,10,6.65,144.6,2.8,29,101.22,42,51.24,43.2,19,24.2,0.10825,11.56837,1.12525,0.0022,0.34537,0.08495,0.16824,not admissible
Central,Nakasongola  ,Nakasongola,Nakasongola central police borehole,E22/09429,Bore Hole,1.313042,32.465025,0.000292814,28.51126788,32,6.23,666,2.1,4,466.2,130,158.6,135.8,68.4,67.4,0.62627,67.92879,12.34891,0.00746,28.99053,0.08557,0.1888,not admissible
Central,Ssasira,Nakasongola,St. Kizito Sasira borehole,E22/09430,Bore Hole,1.333789,32.416601,0.000292378,28.51126806,1,6.01,264,1.8,0.2432,184.8,92,112.24,52.4,25.4,27,0.17837,12.12451,23.25799,0.00299,3.02935,0.03195,0.15911,not admissible
Eastern,Kigulu,Buikwe,NWSC Nkokonjeru PSP,E22/09931,Tap,491344,26890,0.243282025,32.92221004,1,6.4,132,2.5,20,92.4,50,61,40.2,22.4,17.8,0.24,3.9,0.9,0.01,3.16,0.11,0.07,not admissible
Eastern,Kibali,Buikwe,Kibali shallow well,E22/09934,Unprotected Spring Well,498726,26789,0.242368467,32.98855078,1,5.8,166,1.7,0.2432,116.2,52,63.44,57.6,34.8,22.8,0.19,8.1,6.5,0.001,4.62,0.06,0.13,not admissible
Eastern,Nakigaya,Buikwe,Nakigaya Protected spring,E22/09935,Bore Hole,506445,30251,0.273690125,33.05792023,101,5.9,87,3.1,27,60.9,37,45.14,31.4,14.2,17.2,0.2,1.7,3.5,0.001,2.44,0.08,0.02,not admissible
Eastern,Kigayi,Buikwe,Buwooya mosque borehole,E22/09936,Protected Spring Well,504301,32217,0.291477213,33.0386525,1,5.9,81,13,22,56.7,38,46.36,35.2,27,8.2,0.13,1.3,0.8,0.02,0.25,0.04,0.04,not admissible
Eastern,Majija,Buikwe,NWSC Buikwe PSP,E22/09937,Tap,503217,33566,0.303682064,33.02891077,1,6.4,142,1.4,0.2432,99.4,65,79.3,49.6,27,22.6,0.25,2.5,0.8,0.001,1.22,0.09,0.05,not admissible
Eastern,Misindye upper,Buikwe,NWSC Buikwe PSP,E22/09942,Tap,503034,38598,0.349208131,33.02726629,1,6.8,279,2.2,3,195.3,130,158.6,114.2,61.4,52.8,0.24,7.4,1.5,0.001,0.69,0.17,0.18,not admissible
Eastern,Kawuku,Buikwe,NWSC Lugazi final treated water,E22/09943,Tap,496576,39968,0.361602933,32.96922877,1,6.1,90,1.7,0.2432,63,41,50.02,37.4,22.2,15.2,0.16,2.9,1.3,0.001,1.09,0.03,0.02,not admissible
Eastern,Kibuba,Buikwe,NWSC Lugazi PSP - far point,E22/09945,Tap,494884,40689,0.368125977,32.95402286,1,6.2,93,2.1,5,65.1,37,45.14,46.6,20.6,26,0.13,4,1.4,0.001,0.94,0.02,0.01,not admissible
Eastern,Bulagala B,Kamuli,Kasowole P/Sch borehole DWD 86267,E22/09951,Bore Hole,510054,123659,1.118778936,33.09036983,8,6.4,552,2.1,0.2432,386.4,190,231.8,156.4,98.8,57.6,0.55,20,61,0.01,3.65,0.07,0.19,not admissible
Eastern,Busuna,Kamuli,Busuna shallow well,E22/09953,Unprotected Spring Well,510908,113543,1.02725652,33.09804305,78,5.7,230,2.8,13,161,37,45.14,40.4,23,17.4,0.21,14,26,0.01,4.37,0.12,0.01,not admissible
Eastern,Namuyingi,Kamuli,Namuyinji HC II borehole,E22/09954,Bore Hole,511123,111497,1.008745743,33.09997493,1,6.4,530,1.9,0.2432,371,110,134.2,166.8,93.6,73.2,0.5,72,9.4,0.01,3.1,0.02,0.09,not admissible
Eastern,Bulindi,Kamuli,Bulindi shallow well,E22/09955,Unprotected Spring Well,512469,104708,0.947323432,33.1120709,1,5.1,129,2.4,0.2432,90.3,14,17.08,26.2,13.4,12.8,0.23,0.9,18,0.001,6.1,0.05,0.01,not admissible
Eastern,Namaganda Butooli,Kamuli,Namaganda shallow well,E22/09958,Bore Hole,522216,95705,0.865867203,33.19967182,1,5.4,184,1.8,0.2432,128.8,21,25.62,29.4,20.6,8.8,0.17,13,22,0.001,3.52,0.02,0.05,not admissible
Eastern,Naminage,Kamuli,Naminage community borehole DWD 28947,E22/09959,Bore Hole,520263,95734,0.866130463,33.18211883,1,6.2,621,2.1,1,434.7,150,183,238,82,156,0.4,48,39,0.1,29,0.05,0.11,not admissible
Eastern,Kitayundwa,Kamuli,Kitayundwa community borehole,E22/09960,Bore Hole,517950,98688,0.892857006,33.16133136,1,6.6,576,1.8,0.2432,403.2,240,292.8,254.8,188,66.8,0.34,7.2,44,0.001,8.72,0.08,0.12,not admissible
Eastern,Kitayundwa,Kamuli,Kitayundwa community borehole,E22/09960,Bore Hole,517895,99191,0.892857006,33.16133136,10,6.5,571,2.5,4,399.7,175,213.5,210.2,128.6,81.6,0.24,27,26,0.01,13,0.01,0.01,not admissible
Eastern,Namisambya,Kamuli,Namisambya shalllow well,E22/09962,Unprotected Spring Well,515772,100461,0.908898616,33.14175655,1,5.9,131,1.7,0.2432,91.7,16,19.52,30.4,21.2,9.2,0.1,7.1,6.7,0.001,6.12,0.27,0.02,not admissible
Eastern,Namisambya 2,Kamuli,Namisambya community borehole,E22/09963,Bore Hole,515581,100613,0.910273867,33.14003993,1,5.8,557,1.8,0.2432,389.9,74,90.28,146.4,79.2,67.2,0.23,55,115,0.01,3.2,0.002,0.1,not admissible
Eastern,Bukwenge,Kamuli,Bukwenge COU borehole,E22/09964,Bore Hole,513070,102171,0.924370327,33.11747189,1,6.2,434,1.8,0.2432,303.8,85,103.7,120.4,77.4,43,0.34,28,38,0.001,11,0.18,0.19,not admissible
Eastern,Bulyampanga,Kamuli,community borehole,E22/09969,Bore Hole,510133,98391,0.890172391,33.09107359,1,6,162,1.7,0.2432,113.4,53,64.66,42.4,23.2,19.2,0.27,9.2,5.6,0.01,2.57,0.08,0.3,not admissible
Eastern,Busobya zone,Kamuli,Busobya community borehole,E22/09972,Bore Hole,505754,92887,0.840376878,33.05171526,1,5.8,161,1.6,0.2432,112.7,52,63.44,33.8,20,13.8,0.32,4.5,2.2,0.01,5.99,0.05,0.1,not admissible
Central,Wampologoma,Kayunga,Wampologma community b/hole DWD 59654,E22/09973,Bore Hole,500569,87275,0.789603798,33.00511394,1,6.1,220,1.9,0.2432,154,100,122,79,68.8,10.2,0.22,1.2,7.8,0.01,1.43,0.04,0.08,not admissible
Central,Bugonda,Kayunga,Bugonda community b/hole WDD 178,E22/09974,Bore Hole,499418,85045,0.769428326,32.99476924,1,6.8,785,1.8,0.2432,549.5,195,237.9,318.4,149,169.4,0.8,73,80,0.001,0.82,0.002,0.03,not admissible
Central,Bugonda,Kayunga,Bugonda community b/hole WDD 178,E22/09974,Bore Hole,500922,83640,0.769428326,32.99476924,1,5.7,197,1.8,0.2432,137.9,34,41.48,44,21.4,22.6,0.07,1.7,5.8,0.001,16,0.11,0.03,not admissible
Central,Buganda,Kayunga,Buganda borehole,E22/09976,Bore Hole,501106,83046,0.751342769,33.00994019,1,5.8,756,1.6,0.2432,529.2,60,73.2,212.8,112.2,100.6,0.15,124,91,0.001,5.49,0.05,0.02,not admissible
Central,Namirembe,Kayunga,Namirembe village borehole WDD 782,E22/09977,Bore Hole,497400,88166,0.797664875,32.97663221,1,6,317,1.7,0.2432,221.9,99,120.78,110.4,53.2,57.2,0.42,35,1.6,0.001,2.35,0.06,0.05,not admissible
Central,Nongo,Kayunga,Nongo mosque borehole,E22/09978,Bore Hole,492655,89528,0.809986818,32.9339858,1,6,272,2.7,0.2432,190.4,110,134.2,101.6,69.8,31.8,0.24,9.8,2.3,0.02,4.13,0.15,0.1,not admissible
Central,Budada,Kayunga,Budada borehole,E22/09979,Bore Hole,487727,93339,0.844465024,32.88969382,1,5.8,566,1.8,1,396.2,600,732,158.6,102.4,56.2,0.31,100,34,0.001,6.49,0.05,0.17,not admissible
Central,Bulawula C,Kayunga,Bulawula village b/hole WDD 9128,E22/09981,Bore Hole,494850,92383,0.835817111,32.95371336,1,6.2,271,1.8,0.2432,189.7,130,158.6,132.2,61,71.2,0.44,1.6,2.6,0.001,2.09,0.09,0.13,not admissible
Central,Nkokonjeru,Kayunga,Nkokonjeru p/sch borehole,E22/09982,Bore Hole,4942223,91440,0.657945943,70.01203461,1,6,260,2.2,11,182,66,80.52,74.4,45.8,28.6,0.35,28,1.1,0.001,6.61,0.08,0.04,not admissible
Central,Kawuku,Kayunga,Busaana T/C H/qtrs borehole,E22/09983,Bore Hole,498574,85435,0.772956755,32.98718374,1,6.4,483,1.8,0.2432,338.1,95,115.9,150,89.8,60.2,0.38,44,16,0.001,20,0.01,0.24,not admissible
Western,Kyabakwerere,Kamwenge,Aliganyira shallow well or Bangirana shallow well,E22/03131,Bore Hole,212591.0742,10046752.05,0.4225481,30.417939,9,6.9,76,1.24,0,53.2,0,0,0,0,0,0,1.39561,9.72927,0.00865,0.00102,0,0,not admissible
Western,Kihoima,Kamwenge,Kihoima bore hole,E22/03132,Bore Hole,213852.3355,10046619.96,0.421358,30.4292628,1,7.1,134.2,1.03,0,93.94,0,0,0,0,0,0,1.31526,15.7005,0.03777,0.00152,0,0,not admissible
Western,Kihoima,Kamwenge,Kihoima bore hole,E22/03132,Bore Hole,214347.9953,10047051.86,0.421358,30.4292628,108,7.38,116.5,0.99,0,81.55,0,0,0,0,0,0,0.96973,12.50203,0.02682,0.00201,0,0,not admissible
Western,Kengoma II,Kamwenge,Agaba Waren Tap,E22/02989,Tap,223026.7796,10017502.47,0.1582,30.51169,1,7.53,266,104,0,186.2,0,0,0,0,0,0,8.7641,65.234,0.03084,0.00343,0,0,not admissible
Western,Burengye,Kamwenge,Kishiza shallow well ,E22/02990,Unprotected Spring Well,225109.3864,10019025.79,0.1719713,30.5303866,36,7.87,420,1.08,0,294,0,0,0,0,0,0,9.88801,61.22324,0.02367,0.00157,0,0,not admissible
Western,Burengye,Kamwenge,Kishiza shallow well ,E22/02990,Unprotected Spring Well,225548.7911,10019069.02,0.1719713,30.5303866,1,7.95,323,1.13,0,226.1,0,0,0,0,0,0,5.38449,31.45613,0.00663,0.00144,0,0,not admissible
Western,Nyamashegwa I,Kamwenge,Nyamashegwa eremera BH ,E22/02992,Bore Hole,225229.8096,10018060.18,0.1632435,30.5314689,1,7.65,157.4,0.97,0,110.18,0,0,0,0,0,0,1.45978,18.66576,0.01149,0.00331,0,0,not admissible
Western,Kengoma II,Kamwenge,Agaba Waren Tap,E22/02989,Tap,226915.384,10017340.63,0.1582,30.51169,102,8.15,562,1.1,0,393.4,0,0,0,0,0,0,10.70044,103.4988,0.01239,0.0018,0,0,not admissible
Western,Kengoma II,Kamwenge,Agaba Waren Tap,E22/02989,Tap,224562.0547,10018374.29,0.1582,30.51169,1,7.56,284,1.1,0,198.8,0,0,0,0,0,0,10.17997,58.16407,0.00917,0.00191,0,0,not admissible
Western,Kengoma II,Kamwenge,Agaba Waren Tap,E22/02989,Tap,226008.0612,10017935.2,0.1582,30.51169,66,8.05,357,1.02,0,249.9,0,0,0,0,0,0,12.53693,31.7049,0.02297,0.00786,0,0,not admissible
Western,Kengoma II,Kamwenge,Agaba Waren Tap,E22/02989,Tap,224772.1702,10018188.27,0.1582,30.51169,1,7.63,271,0.85,0,189.7,0,0,0,0,0,0,11.13073,66.62563,0.05155,0.00293,0,0,not admissible
Western,Nkoma,Kamwenge,Kamagege shallow well,E22/04762,Unprotected Spring Well,237987.0935,10036378.77,0.3288505,30.6459846,0,5.98,328,26,0,229.6,0,0,0,0,0,0,9.01585,44.30161,0.01697,0.00057,2.00486,0.04564,not admissible
Western,Kinyonza,Kamwenge,Kinyonza protected spring,E22/04763,Protected Spring Well,239332.1297,10040967.38,0.370333,30.6580518,3,6.36,380,1.5,0,266,0,0,0,0,0,0,15.21136,31.98672,0.10891,0.00182,2.40506,0.12568,not admissible
Western,Kikiri,Kamwenge,Barungi protected spring,E22/04765,Protected Spring Well,247577.0344,10047628.21,0.4305675,30.7320713,2,6.14,387,3.25,0,270.9,0,0,0,0,0,0,4.86134,31.37258,0.02866,0.00621,0.8676,0.16647,not admissible
Western,Rutooma,Kamwenge,Rutooma protected spring,E22/04766,Protected Spring Well,247946.5386,10047522.94,0.4296168,30.7353897,4,5.94,216.5,4.1,0,151.55,0,0,0,0,0,0,2.03056,12.92991,0.02345,0.00327,3.49218,0.06243,not admissible
Northern,Block 4,Lamwo,Zone 4 &5 4980,UN23/0263,Bore Hole,437542,370808,3.35461559,32.43775776,0,7.28,881,0.138,616.7,0,524,639.28,266.8,83.6,43.968,0.38,6.75,2.47,0,0.02,0,0,not admissible
Northern,Block 4,Lamwo,Zone 4 &5 4980,UN23/0263,Bore Hole,437542,370808,3.35461559,32.43775776,0,7.29,956,0.23,669.2,0,468,570.96,270.8,70.4,48.096,0.31,5.31,2.33,0,0.02,0,0,not admissible
Northern,Block 4,Lamwo,Zone 4 &5 4980,UN23/0263,Bore Hole,437086,371065,3.35461559,32.43775776,0,7.33,987,0.875,690.9,0,524,639.28,248.4,124.8,29.664,0.35,5.32,2.85,0,0.02,0,0,not admissible
Northern,Block 4B,Lamwo,Zone 1 Block 4,UN23/0266,Tap,437086,371065,3.356938178,32.43365167,0,7.56,727,1.12,508.9,0,312,380.64,296.8,138.4,38.016,0.468,12.38,2.84,0,5.57,0,0,not admissible
Northern,Block 4B,Lamwo,Zone 1 Block 4,UN23/0266,Tap,437086,371065,3.356938178,32.43365167,0,7.37,859,6.12,601.3,0,440,536.8,278.4,46.8,55.584,0.49,11.14,2.43,0,5.7,0,0,not admissible
Northern,Block 12A Zone B,Lamwo,Zone 5 Block 12,UN23/0268,Bore Hole,442869,377058,3.411183523,32.48567985,0,7.34,865,0.241,605.5,0,508,619.76,369.6,68,72.384,0.38,11.83,6.01,0,0.02,0,0,not admissible
Northern,Block 12A Zone B,Lamwo,Zone 5 Block 12,UN23/0268,Bore Hole,442869,377058,3.411183523,32.48567985,0,7.59,863,6.18,604.1,0,420,512.4,332.8,91.6,57.888,0.34,12.25,6.23,0,0.02,0,0,not admissible
Northern,Block 12A Zone B,Lamwo,Zone 5 Block 12,UN23/0268,Bore Hole,442869,377058,3.411183523,32.48567985,0,7.55,874,0.291,611.8,0,528,644.16,360,97.2,63.072,0.66,11.6,5.81,0,0.02,0,0,not admissible
Northern,Block 12A Zone B,Lamwo,Zone 5 Block 12,UN23/0268,Bore Hole,442869,377058,3.411183523,32.48567985,0,7.62,817,0.367,571.9,0,492,600.24,338.8,122,52.032,0.98,21.2,8.46,0,0.02,0,0,not admissible
Northern,Block 12A Zone B,Lamwo,Zone 5 Block 12,UN23/0268,Bore Hole,442869,377058,3.411183523,32.48567985,0,7.72,848,0.415,593.6,0,472,575.84,329.6,100,55.104,1.6,17.4,7.52,0,0.02,0,0,not admissible
Northern,Nyalagala,Lamwo,Nyalagala,UN23/0273,Bore Hole,455385,400317,3.62165569,32.59826259,0,7.05,472,0.184,330.4,0,260,317.2,249.2,102.4,35.232,1.8,0.81,8.14,0,0.02,0,0,not admissible
Northern,Akelikongo North,Lamwo,Olug Olo 22365,UN23/0274,Bore Hole,459754,399290,3.612381306,32.63760655,0,6.63,276,397,193.2,0,164,200.08,142,79.6,14.976,0.62,0.68,0,0,0.02,0,0,not admissible
Northern,Akelikongo North,Lamwo,Olug Olo 22365,UN23/0274,Bore Hole,455385,400317,3.612381306,32.63760655,0,7.69,472,0.493,330.4,0,164,200.08,249.6,124.8,29.952,1.28,0.29,0,7.21,0.02,0,0,not admissible
Northern,Alelikongo North,Lamwo,Olug Olo 22365,UN23/0276,Bore Hole,459754,399290,3.612381306,32.63760655,0,6.6,280,0.531,196,0,240,292.8,161.6,64,23.424,0.682,0.33,0,0,0.02,0,0,not admissible
Northern,Alelikongo North,Lamwo,Olug Olo 22365,UN23/0276,Bore Hole,455175,399509,3.612381306,32.63760655,0,5.98,56.1,0.326,39.27,0,164,200.08,59.2,49.2,2.4,1.29,0.92,0,0,2.11,0,0,admissible
Northern,Zone 4 Block 9,Lamwo,Zone 4 Block 9,UN23/0278,Bore Hole,441588,372639,3.371200285,32.4741696,0,7.42,805,0.352,563.5,0,56,68.32,336.8,127.2,50.304,0.6,3.96,0,7.5,2.02,0,0,not admissible
Northern,Zone 4 Block 9,Lamwo,Zone 4 Block 9,UN23/0278,Bore Hole,441588,372639,3.371200285,32.4741696,0,7.5,799,0.467,559.3,0,520,634.4,288,116.4,41.184,0.25,4.25,0,10.8,0.02,0,0,not admissible
Northern,Zone 4 Block 9,Lamwo,Zone 4 Block 9,UN23/0278,Bore Hole,441588,372639,3.371200285,32.4741696,0,7.33,806,0.391,564.2,0,372,453.84,327.6,104,53.664,0.24,4.16,0,10.06,1.39,0,0,not admissible
Northern,Zone 4 Block 9,Lamwo,Zone 4 Block 9,UN23/0278,Bore Hole,441588,372639,3.371200285,32.4741696,0,7.07,808,0.484,565.6,0,392,478.24,287.2,168.8,28.416,0.25,4.17,0,10.2,0.02,0,0,not admissible
Northern,Zone 4 Block 9,Lamwo,Zone 4 Block 9,UN23/0278,Bore Hole,441588,372639,3.371200285,32.4741696,0,7.54,801,0.22,560.7,0,436,531.92,331.6,155.6,42.24,0.22,4.19,0,9.53,0.02,0,0,not admissible
Northern,Zone 6 Block 6,Lamwo,Zone 6 Block 6,UN23/0283,Bore Hole,444534,372639,3.371214305,32.50068908,0,7.09,505,0.283,353.5,0,400,488,204,51.6,36.576,1.08,4.27,0,2.11,0.02,0,0,not admissible
Northern,Zone 6 Block 6,Lamwo,Zone 6 Block 6,UN23/0283,Bore Hole,444534,371724,3.371214305,32.50068908,0,7.15,503,0.32,352.1,0,272,331.84,222,58.4,39.264,1.22,4.87,0,1.93,0.02,0,0,not admissible
Northern,Zone 6 Block 6,Lamwo,Zone 6 Block 6,UN23/0283,Bore Hole,444534,371724,3.371214305,32.50068908,0,6.95,510,0.383,357,0,280,341.6,238.4,61.6,42.432,0.52,4.42,0,2.05,0.02,0,0,not admissible
Northern,Zone 6 Block 6,Lamwo,Zone 6 Block 6,UN23/0283,Bore Hole,444534,371724,3.371214305,32.50068908,0,7.03,506,0.315,354.2,0,312,380.64,234.4,67.6,40.032,0.52,4.41,0,1.91,0.02,0,0,not admissible
Northern,Ajagala,Lamwo,Zone 7 Block 8,UN23/0287,Bore Hole,442495,369658,3.344236674,32.48234848,0,8.22,640,0.255,448,0,284,346.48,251.6,69.2,43.776,1.04,13.35,0,4.6,5.67,0,0,not admissible
Northern,Ajagala,Lamwo,Zone 7 Block 8,UN23/0287,Bore Hole,441964,369336,3.344236674,32.48234848,0,7.81,693,0.402,485.1,0,324,395.28,239.2,122.4,28.032,1.14,10.96,0,3.78,6.73,0,0,not admissible
Northern,Ajagala,Lamwo,Zone 7 Block 8,UN23/0287,Bore Hole,442495,369658,3.344236674,32.48234848,0,7.07,772,0.723,540.4,0,352,429.44,355.6,39.6,75.84,0.91,10.88,0,4.69,8.14,0,0,not admissible
Northern,Ajagala,Lamwo,Zone 7 Block 8,UN23/0287,Bore Hole,441964,369336,3.344236674,32.48234848,0,7.83,688,0.24,481.6,0,400,488,225.2,45.6,43.104,0.39,10.89,0,3.74,6.36,0,0,not admissible
Northern,Ajagala,Lamwo,Zone 7 Block 8,UN23/0287,Bore Hole,441964,369336,3.344236674,32.48234848,0,7.97,683,0.178,478.1,0,376,458.72,256,40.8,51.648,1.11,10.13,0,3.96,6,0,0,not admissible
Northern,Ajaogala,Lamwo,Ajaogala,UN23/0292,Tap,440389,368384,3.332701072,32.46339738,0,7.48,473,0.223,331.1,0,380,463.6,231.6,64.8,40.032,0.44,2.32,0,1.55,1.77,0,0,not admissible
Northern,Ajaogala,Lamwo,Ajaogala,UN23/0292,Tap,440618,370685,3.332701072,32.46339738,0,6.99,841,0.24,588.7,0,280,341.6,239.6,32.4,49.728,1.17,8.9,0,4.31,0.02,0,0,not admissible
Northern,Ajaogala,Lamwo,Ajaogala,UN23/0292,Tap,439533,365445,3.332701072,32.46339738,0,6.78,309,6.11,216.3,0,444,541.68,102.8,40.8,14.88,1.25,5.15,0,0.38,1.43,0,0,not admissible
Northern,Ajaogala,Lamwo,Ajaogala,UN23/0292,Tap,440626,368178,3.332701072,32.46339738,0,6.93,357,0.178,249.9,0,188,229.36,91.2,56.8,8.256,1.56,1.55,0,0,4.06,0,0,not admissible
Northern,Ajaogala,Lamwo,Ajaogala,UN23/0292,Tap,441167,368353,3.332701072,32.46339738,0,7.03,466,0.223,326.2,0,264,322.08,171.6,64.8,25.632,0.23,2.27,0,1.63,1.91,0,0,not admissible
Central,Kyebando,Mubende,Kyebando Borehole,E23/01705,Bore Hole,333812,57010,0.515610852,31.50662056,1,5.5,170,1.83,0,119,68,82.96,61,21,40,0.17816,12.09813,4.23033,1.53049,0.00159,0.069,0.0794,not admissible
Central,Kyenda,Mubende,Kyenda borehole,E23/01706,Bore Hole,334146,55736,0.504089217,31.50962388,1,5.7,290,1.76,0,203,125,152.5,130,36,94,0.17836,6.53345,11.77767,2.37574,0.00239,0.04518,0.13873,not admissible
Eastern,Mbogo,Luuka,Our Lady's Secondary School Kitwekyambogo,E22/04394,Bore Hole,541843.3578,10085477.18,0.7733216,33.376067,1,7.6,480,2.76,0,336,0,0,0,0,0,0,16.35794,98.64284,0.00528,3.83408,0.02352,0.28079,not admissible
Eastern,Mbogo,Luuka,Our Lady's Secondary School Kitwekyambogo,E22/04394,Bore Hole,535146.2773,100877162.3,0.6981005,33.3158724,1,7.8,370,1.54,0,259,0,0,0,0,0,0,5.3452,33.58435,0.00166,5.18969,0.03544,0.20557,not admissible
Eastern,Nawamwena,Luuka,Kiyunga Primary school,E22/04396,Bore Hole,536862.7503,10084693.69,0.766237,33.3313038,1,7.6,261,1.23,0,182.7,0,0,0,0,0,0,5.08619,22.501,0.00239,3.32873,0.04801,0.20852,not admissible
Eastern,Kiyunga Central,Luuka,Tomborehole,E22/04397,Bore Hole,537867.7843,10086586.87,0.7833642,33.3403378,1,7.8,456,1.67,0,319.2,0,0,0,0,0,0,5.50549,47.39408,0.00413,4.54793,0.04151,0.23532,not admissible
Eastern,Kiyunga Hospital,Luuka,Kiyunga hospital borehole,E22/04398,Bore Hole,536846.0704,10084705.74,0.7663461,33.3311539,1,7.4,558,1.23,0,390.6,0,0,0,0,0,0,34.39494,19.18808,0.00461,30.05653,0.01795,0.13452,not admissible
Eastern,Makuutu,Bugweri,Makuutu subcounty borehole,E23/01851,Bore Hole,566143,55392,0.501121522,33.59442229,1,6.5,359,1.76,0.5,251.3,152,185.44,160,126,34,0.09043,2.81557,16.13871,0.00146,6.48163,0.00601,0.11153,not admissible
Eastern,Busiimo,Bugweri,Busiimo Pri School Borehole,E23/01852,Bore Hole,565623,50578,0.457570532,33.58974553,1,6.4,175,1.95,0.5,122.5,50,61,50,30,20,0.09151,7.07127,7.39301,0.00147,6.92006,0.00379,0.10667,not admissible
Central,Kabojja A ,Wakiso,Nalongo spring ,E23/01710,Protected Spring Well,446673,32357,0.292733595,32.52076313,20,5.44,235,1.85,0,164.5,56,68.32,80,50,30,0.13475,0,0.67062,0.00456,9.84878,1.0533,0.03047,not admissible
Central,Kabojja B,Wakiso,Kabojja B Spring,E23/01711,Protected Spring Well,446407,33011,0.298650223,32.51837245,2,4.8,200,1.77,0,140,11,13.42,34,11,23,0.0665,0,0.67616,0.0046,12.22264,0.55122,0.04328,not admissible
Central,Kinawa,Wakiso,Kinawa Motorised hand dug well,E23/01712,Unprotected Spring Well,445662,29308,0.265148956,32.51167887,1,4.25,223,1.8,0,156.1,4,4.88,49,18,31,0.15379,0,0.72902,0.00718,15.56782,0.26664,0.05327,not admissible
Central,Kikajjo,Wakiso,Kikajjo Spring,E23/01713,Protected Spring Well,445662,29308,0.265148956,32.51167887,8,4.88,224,1.9,0,156.8,16,19.52,58,22,36,0.10721,0,5.9389,0.00197,11.09191,0.01641,0.03153,not admissible
Central,Kasenge,Wakiso,Kasenge Health Centre II Borehole ,E23/01714,Bore Hole,445265,28558,0.258363582,32.50811149,1,5.9,163,1.78,0,114.1,69,84.18,54,34,20,0.1905,0,1.31713,0.00157,2.11286,0.04105,0.18689,not admissible
Central,Kasenge,Wakiso,Kasenge Health Centre II Borehole ,E23/01714,Bore Hole,444870,28353,0.258363582,32.50811149,1,4.38,161,1.96,0,112.7,5.6,6.832,30,12,18,0.07263,0,0.50899,0.00309,11.37755,0.0455,0.03075,not admissible
Central,Katalemwa,Wakiso,Katalemwa Pri. School,E23/01716,Bore Hole,41632,22888,0.206537295,28.88430377,2,5,57,21,0,39.9,18,21.96,38,7.8,30.2,0.14688,0,0.31171,0.013,1.34066,0.15626,0.26396,not admissible
Central,Katalemwa,Wakiso,Katalemwa Pri. School,E23/01716,Bore Hole,440006,22562,0.206537295,28.88430377,1,4.8,38,4.45,0,26.6,12,14.64,16,1.6,14.4,0.12194,0,1.19742,0.0017,1.54298,0.02943,0.05718,not admissible
Central,Nakawuka,Wakiso,Gambirana shallow well,E23/01718,Unprotected Spring Well,440026,22638,0.204803956,32.46103338,19,4.8,67,2.65,0,46.9,10,12.2,25,9,16,0.15894,0,2.77297,0.00296,3.23466,0.03573,0.10532,not admissible
